amarotta: Alberto Marotta <amarotta@icecube.wisc.edu>
arthur: Arthur Jones <arthur@lbl.gov>
artur: Artur Muratas <amuratas@lbl.gov>
benedikt.riedel: Benedikt Riedel <briedel@icecube.wisc.edu>
bendfelt: Tim Bendfelt <tim.bendfelt@icecube.wisc.edu>
blaufuss: Erik Blaufuss <blaufuss@gmail.com>
chris.wendt: Chris Wendt <chwendt@icecube.wisc.edu>
ckrueger: Christian Krueger <christian.krueger@tat.uni-tuebingen.de>
cpobes: Carlos Pobes <cpobes@unizar.es>
ctday: Chris Day <ctday@lbl.gov>
cvs2svn: CVS-to-SVN conversion program <cvs2svn@icecube.wisc.edu>
dawnwill: Dawn Williams <drwilliams3@ua.edu>
dglo: Dave Glowacki <dglo@icecube.wisc.edu>
dheereman: Dabid Heereman <dheereman@gmail.com>
elisa.pinat: Elisa Pinat <elisa.pinat@icecube.wisc.edu>
everhagen: Erik Verhagen <everhagen@icecube.wisc.edu>
fox: Derek Fox <fox@icecube.wisc.edu>
glowacda: Dave Glowacki <dglo@icecube.wisc.edu>
gluesenkamp: Thorsten Gluesenkamp <gluesenkamp@physik.rwth-aachen.de>
hlandsman: Hagar Landsman <hagar@icecube.wisc.edu>
jacobi: Emanuel Jacobi <jacobi@ifh.de>
jacobsen: John Jacobsen <john@mail.npxdesigns.com>
jkelley: John Kelley <jkelley@icecube.wisc.edu>
joanna: Joanna Kiryluk <Joanna.Kiryluk@stonybrook.edu>
kael: Kael Hanson <kael.hanson@gmail.com>
krasberg: Mark Krasberg <krasberg@icecube.wisc.edu>
ksb: Keith Beattie <ksbeattie@lbl.gov>
mdier: M Dier <mdier@icecube.wisc.edu>
mkauer: Matt Kauer <mkauer@icecube.wisc.edu>
mnewcomb: Matt Newcomb <mnewcomb@icecube.wisc.edu>
patton: Simon Patton <SJPatton@lbl.gov>
rcross: Robert Cross <rcross@pas.rochester.edu>
rmaruyama: Reina Maruyama <rmaruyama@icecube.wisc.edu>
sabrina: Sabrina Bechet <sbechet@icecube.wisc.edu>
sbechet: Sabrina Bechet <sbechet@icecube.wisc.edu>
seshadrivija: IceCube Intern <intern@icecube.wisc.edu>
slidstrom: Sven Lidstrom <slidstrom@icecube.wisc.edu>
toale: Pat Toale <toale@phys.psu.edu>
troy: Troy D. Straszheim <troy@icecube.umd.edu>
